<?xml version="1.0" encoding="utf-8"?>
<modification>
	<name>Fast Order modification</name>
	<code>fastordermod</code>
	<version>1.3.1</version>
	<author>Tkachenko Aleksey</author>
	<link>http://tauweb.ru/products/81-pokupka-v-odin-klik-dlya-opencart-bystryj-zakaz.html</link>

	<!-- Product modification ================================================================== -->
    <file path="catalog/view/theme/*/template/product/product.tpl">
        <operation>
            <search><![CDATA[<button type="button" id="button-cart" data-loading-text="<?php echo $text_loading; ?>" class="btn btn-primary btn-lg btn-block"><?php echo $button_cart; ?></button>]]>
            </search>
            <add position="before"><![CDATA[
                            <!-- Button fastorder -->
                            <?php  echo $fastorder;?>
                            <!-- END :  button fastorder -->
            ]]>
            </add>
        </operation>
    </file>

	<!-- Adding the fastorder product controller =============================================== -->
	<file path="catalog/controller/product/product.php">
		<operation>
			<search><![CDATA[
           $this->model_catalog_product->updateViewed($this->request->get['product_id']);
				]]></search>
			<add position="after"><![CDATA[
$data['fastorder'] = $this->load->controller('product/fastorder', $product_info); // FastOrder Button

		]]></add>
		</operation>
	</file>



    <!-- Product category modification ========================================================= -->
    <file path="catalog/view/theme/*/template/product/category.tpl">
        <operation>
            <search><![CDATA[<div class="button-group">]]>
            </search>
            <add position="before"><![CDATA[
              <!-- Button fastorder -->
              <div class="button-gruop">
                <?php echo $product['fastorder']; ?>
              </div><!-- END :  button fastorder -->
            ]]>
            </add>
        </operation>
    </file>

    <file path="catalog/controller/product/category.php">
        <!-- For OpenCart version 2.2.0.0 or later  -->
        <operation>
            <search><![CDATA[
            'rating'      => $result['rating'],
                ]]></search>
            <add position="after"><![CDATA[
                    'fastorder'     => $this->load->controller('product/fastorder', $product_info = $this->model_catalog_product->getProduct( isset($result['product_id']) ? $result['product_id'] :'' )), // FastOrder
        ]]></add>
        </operation>
        <!-- For OpenCart version under 2.2.0.0  -->
        <operation>
            <search><![CDATA[
            if (file_exists(DIR_TEMPLATE . $this->config->get('config_template') . '/template/product/category.tpl'))
                ]]></search>
            <add position="before"><![CDATA[
            $data['fastorder'] = $this->load->controller('product/fastorder', $product_info = $this->model_catalog_product->getProduct($result['product_id'])); // FastOrder
        ]]></add>
        </operation>
    </file>




	<!-- Adding the fastorder launch script ==================================================== -->
	<file path="catalog/view/theme/*/template/common/footer.tpl">
		<operation>
			<search><![CDATA[</body>]]>
			</search>
			<add position="before"><![CDATA[
    <script>
      function showForm(data){
        $.ajax({
          url: 'index.php?route=product/fastorder/getForm',
          type: 'post',
          data: {product_name: data['product_name'], price: data['price'] ,product_id: data['product_id'], product_link: data['product_link']},

          beforeSend: function() {
          },
          complete: function() {
          },
          success: function(result) {
            $('#fastorder-form-container'+data['product_id']).html(result);
          },
          error: function(xhr, ajaxOptions, thrownError) {
            alert(thrownError + "\r\n" + xhr.statusText + "\r\n" + xhr.responseText);
          }
        });
    };
    </script>
			]]>
			</add>
		</operation>
	</file>
</modification>
